SubscriptionID,UserID,PlanID,StartDate,EndDate
82438,fworld81,2,2022-04-03,NULL
283767,orichardesf5,1,2022-07-23,NULL
1515536,zglenisterdd,1,2023-08-04,NULL
1598662,tlerigocf,2,2023-02-23,2024-05-11
1654498,amahony12,1,2023-08-24,2024-11-30
1654499,amahony12,2,2024-11-30,NULL
1893650,jnail,2,2023-03-12,NULL
2496519,mbotly5j,2,2021-01-12,NULL
3719883,bmcilwreathfl,1,2021-01-27,NULL
5437379,dwheeltonv,1,2022-09-17,NULL
6942255,kvernall92,2,2023-08-03,2025-01-21
7209485,rfreckletonc,2,2021-05-29,2023-09-19
7902684,mlovekincc,2,2022-10-30,2024-01-22
8315480,bbauldeo,1,2022-01-15,NULL
9526078,shoodes,1,2022-10-09,2024-04-04
9526079,shoodes,2,2024-04-04,NULL
9543820,kbebb,2,2020-11-18,NULL
9608525,pmarchiso56,1,2023-09-10,NULL
9737475,cpiati,1,2020-10-20,NULL
9743421,dluck22,2,2023-12-15,NULL
9968062,rcracker87,2,2020-09-03,NULL
10570026,dtointon5d,2,2022-11-01,2024-06-28
11516192,hessebyg9,2,2021-04-06,NULL
11935912,cskinnri7,1,2021-11-04,2023-12-11
11935913,cskinnri7,2,2023-12-11,NULL
12535935,jsammeshg,2,2023-05-30,NULL
13655241,mtannert,2,2022-12-09,NULL
14429030,mranklin,2,2020-07-20,NULL
15049617,gredington8n,2,2020-07-09,NULL
17508059,vjaquisse,1,2022-04-16,2024-02-23
17508060,vjaquisse,2,2024-02-23,NULL
19038640,anowerfs,2,2020-12-14,2025-02-28
21006074,dbaudouxe,2,2023-03-18,NULL
21574791,bsheward6j,2,2021-10-20,NULL
21584417,zshaxbyh0,2,2021-03-10,NULL
21675908,jaxupab,1,2022-04-21,NULL
22147835,cwarchw,1,2020-01-16,NULL
22255875,fmiskenhp,2,2020-04-26,NULL
23240193,fgoddenkd,1,2021-04-28,NULL
25312535,dboughton4,2,2024-04-04,NULL
26074157,sblaisdalebf,1,2020-12-19,NULL
26421853,zpopleefr,1,2021-11-20,NULL
27979126,charmestong5,2,2022-02-10,NULL
30944371,cmacwhirter21,2,2021-11-28,NULL
30988916,fseale,2,2020-01-23,2024-01-07
31154776,drangelibh,1,2021-01-02,NULL
31405049,wpadstow,1,2020-05-04,NULL
31704068,kcoyishe5,2,2023-06-02,NULL
31741068,hhearleg1,1,2020-06-23,NULL
31921851,dgaitskella5,1,2020-01-04,NULL
33766560,jpipworthco,2,2020-05-03,NULL
33844091,wcurgenven3c,1,2022-01-07,NULL
34858435,lcharkham88,1,2021-02-21,NULL
35161121,dstampfer,1,2022-10-04,NULL
35803681,jhallmarkf7,1,2022-09-29,NULL
36679420,fbrabona9,1,2023-08-29,2024-07-30
36679421,fbrabona9,2,2024-07-30,NULL
37014738,cfomichy,1,2022-11-14,NULL
37505334,lmasdin,2,2023-05-16,NULL
38053557,sgrasser,1,2022-05-14,2023-09-05
38053558,sgrasser,2,2023-09-05,NULL
38762271,mmanclark9l,2,2023-01-15,2023-04-28
38855589,tmarkie,1,2024-04-24,NULL
40031606,blichfield,2,2023-05-22,2023-08-23
40854872,vwittier6b,2,2021-05-30,NULL
41337507,bmill1l,1,2021-06-26,NULL
41747680,bmeysham,1,2023-05-16,2024-07-17
41747681,bmeysham,2,2024-07-17,NULL
42840132,delmoredo,1,2024-03-12,2024-04-20
42840133,delmoredo,2,2024-04-20,NULL
43240185,gbeecki8,1,2021-11-24,NULL
43329665,isendall5k,2,2020-10-09,2024-02-07
43612988,ajozefiakka,2,2023-06-06,NULL
43691852,dtalkingtonav,1,2022-05-15,NULL
44352131,bmanneville5h,1,2020-04-01,2024-04-19
44352132,bmanneville5h,2,2024-04-19,NULL
44793999,cmckibbenbr,2,2023-02-17,2024-10-11
44823770,rchevertonet,2,2020-11-24,NULL
45174672,skodyszki,1,2022-11-25,NULL
45662544,jderi,1,2023-03-11,NULL
46043401,ahelietgg,1,2022-03-12,NULL
47970503,jmcilwreath15,1,2022-09-03,2023-04-20
47970504,jmcilwreath15,2,2023-04-20,NULL
48738701,bchriston,1,2023-07-24,NULL
50309082,rmosedale16,2,2023-12-27,NULL
51072808,bmckimmie,2,2021-02-10,NULL
52158595,kjerzyk,2,2020-04-24,2023-04-02
52816765,lflucker,2,2023-05-09,NULL
54034690,wespincv,1,2021-02-07,NULL
54513000,eswaddleel,2,2020-11-10,2025-02-11
56815219,tlazenbye0,1,2021-03-16,NULL
57612595,wfone6h,1,2020-12-19,NULL
57894758,crumpf,1,2020-08-19,2023-11-24
57894759,crumpf,2,2023-11-24,NULL
58240911,tboggis45,1,2023-09-08,2023-12-31
58240912,tboggis45,2,2023-12-31,NULL
58882157,charken6,2,2023-01-31,NULL
59207185,rkenneford14,1,2023-05-28,2024-04-24
59207186,rkenneford14,2,2024-04-24,NULL
60987545,akittman,2,2022-03-27,2024-03-29
62066721,sbagley7y,2,2022-04-04,NULL
63837760,wbineham4x,1,2023-10-31,NULL
63972255,jkunat,1,2020-05-20,2024-01-30
63972256,jkunat,2,2024-01-30,NULL
65709983,mmccleverty,2,2023-02-25,NULL
66559403,psandwith,1,2021-12-12,NULL
66965944,mrickell,1,2022-08-09,2024-05-04
66965945,mrickell,2,2024-05-04,NULL
67687097,ccessb3,1,2023-07-26,NULL
68013262,vnorth1v,2,2022-01-05,2024-05-24
68508440,sbroadwayc3,1,2023-10-29,2023-12-16
68508441,sbroadwayc3,2,2023-12-26,NULL
68627748,risaakh8,1,2023-05-15,2024-10-06
68627749,risaakh8,2,2024-10-06,NULL
69863590,ltarrier60,2,2020-03-20,NULL
70113689,bsmeeseyjy,2,2023-12-27,NULL
70720684,anisot5b,1,2022-10-21,2024-10-17
70720685,anisot5b,2,2024-10-17,NULL
70921362,bferentz8p,2,2023-07-20,NULL
72041222,hmcconaghy,1,2021-09-18,NULL
73906176,wbesqueih,1,2023-12-01,2024-01-04
73906177,wbesqueih,2,2024-01-04,NULL
74300867,tsalmon,2,2022-06-09,NULL
75652470,tviccaryhb,2,2022-07-09,2023-07-05
75698491,jcamsey3b,1,2021-02-07,2023-01-13
75698492,jcamsey3b,2,2023-01-13,NULL
75810403,kmathet2i,2,2020-01-16,NULL
76057005,vnoonaj,2,2020-01-26,NULL
76286100,rgoathrop7q,1,2020-03-07,NULL
77036470,ahardg,2,2023-07-05,NULL
77511204,mcorke,2,2020-05-03,NULL
77824733,bmarloweeq,2,2023-03-03,NULL
78710255,ffardoy,2,2021-08-02,2023-10-05
79224207,agovett,1,2023-12-07,NULL
79697175,cmacakgp,1,2020-02-04,2024-05-09
79697176,cmacakgp,2,2024-05-09,NULL
79907827,jdrowsfieldez,1,2024-04-19,NULL
79989019,cbuxton38,2,2022-07-05,NULL
80183629,pbernardin,2,2024-02-25,NULL
80975699,dlinnett9n,1,2024-02-06,NULL
82101687,bjosifovichhm,1,2020-11-15,NULL
82393197,gsausmangl,1,2023-05-31,NULL
82512438,eburgill4s,2,2022-12-18,NULL
82737827,sedgerley1y,1,2022-05-09,NULL
82854894,acatonnet25,2,2023-04-21,NULL
82917225,hesgate2j,1,2022-07-14,2024-08-08
82917226,hesgate2j,2,2024-08-08,NULL
85816276,cfautlyb4,1,2022-04-15,NULL
86172773,kstandleygz,1,2023-10-12,2024-07-31
86172774,kstandleygz,2,2024-07-31,NULL
87318663,qaylwin1e,1,2023-04-21,2024-11-04
87318664,qaylwin1e,2,2024-11-04,NULL
87490311,clangland71,1,2024-03-29,NULL
89758945,mgodspeeded7,2,2021-03-02,2025-02-20
90783508,lhuisonep,1,2020-04-23,NULL
91622234,cyouston,1,2023-12-07,2024-05-21
91622235,cyouston,2,2024-05-21,NULL
91779280,tcubbit,2,2021-10-17,NULL
93353331,ebourable,1,2021-12-07,NULL
93935840,rdahlen7r,2,2020-03-01,NULL
96019489,abeccerae2,1,2023-04-07,2024-10-01
96019490,abeccerae2,2,2024-10-01,NULL
96422920,gwhipple5o,2,2022-08-14,2023-08-02
96490301,mriveraw,2,2021-01-11,NULL
96873261,tbrodejp,2,2021-05-12,NULL
97284327,cbrisgj,1,2020-08-26,2024-01-29
97284328,cbrisgj,2,2024-01-29,NULL
97588036,rdouey,1,2022-09-15,NULL
99060786,kkeighly,2,2020-09-30,2023-11-11
99778531,vbilam,2,2023-05-05,NULL
102183981,dankrettbo,2,2023-03-16,2023-11-16
103320650,ppherpsb1,2,2020-05-06,NULL
103428316,ldomenicone,1,2024-02-27,NULL
103859868,dhansana,1,2021-10-12,2023-05-16
103859869,dhansana,2,2023-05-16,NULL
103893889,khyattl,2,2023-12-09,NULL
105632191,fivamy2s,1,2020-03-03,2024-09-13
105632192,fivamy2s,2,2024-09-13,NULL
106516553,cchallener9s,2,2020-11-12,NULL
107832667,hshillabr,1,2020-07-03,NULL
108418727,ddesmond7i,2,2021-10-29,NULL
108656836,mstoadeay,2,2020-05-14,2023-03-15
109140002,astrass2d,1,2022-05-13,2024-02-18
109140003,astrass2d,2,2024-02-18,NULL
109468487,jtinkham,2,2022-09-11,NULL
109809355,wdeval,1,2024-02-01,NULL
110457074,khedden7m,1,2022-11-25,NULL
110480368,dhassent93,2,2021-12-29,NULL
111464673,mhuckfield,1,2023-05-27,NULL
112060326,cbiddell,2,2023-07-09,NULL
112122883,deloyag,1,2020-11-11,NULL
112152383,rbrimilgho,1,2022-04-16,NULL
112159774,mselmanc5,2,2021-04-07,NULL
113749073,oohallin,1,2020-01-29,2023-05-27
113749074,oohallin,2,2023-05-27,NULL
116725422,bcavee,1,2021-07-05,NULL
118187474,gmixhel8c,2,2021-08-28,NULL
118451227,djoinsonhi,1,2021-06-25,NULL
118683954,zheldenij,1,2020-05-06,NULL
118931849,lziemebg,1,2021-12-05,2024-10-04
118931850,lziemebg,2,2024-10-04,NULL
120313975,dpotellfj,1,2020-05-18,NULL
120416108,dwrotten,2,2020-08-10,NULL
120942815,bkline,1,2022-11-08,NULL
123987456,fdomelowz,2,2022-08-05,2024-03-14
124080374,mmattioloii,1,2021-04-05,NULL
128020523,mpatefieldig,2,2020-06-21,NULL
129282568,msharrier,2,2022-06-19,NULL
130242892,mdoolan,2,2021-07-31,NULL
130853069,lgrishankovaa,1,2020-02-27,NULL
130895939,tkennaird7g,1,2024-03-01,NULL
131992718,mprospert,1,2023-04-13,2024-05-01
131992719,mprospert,2,2024-05-01,NULL
132399462,rliggensbz,2,2024-01-17,NULL
135739910,fskellenjm,2,2020-02-26,2024-01-22
137211171,cbeauen,2,2022-07-30,NULL
137318142,mpomphreybk,2,2024-01-13,NULL
139197011,bberthot,2,2023-06-21,2024-02-14
142108632,swilshere,2,2021-02-10,2024-02-18
142449216,ghazek2,1,2020-04-29,NULL
142449366,mnanetti9v,2,2020-10-29,NULL
144884331,sfetterplacea6,1,2024-02-20,NULL
146309397,mcostan73,2,2022-07-25,NULL
147952333,amills,2,2020-11-19,NULL
148404280,culyeta,1,2023-06-23,NULL
148901095,kmccallykb,1,2021-09-21,2023-11-07
148901096,kmccallykb,2,2023-11-07,NULL
149033338,cmoynham,1,2023-02-14,NULL
149348814,rjeynes5g,1,2022-01-12,2023-04-04
149348815,rjeynes5g,2,2023-04-04,NULL
150014812,imurney7a,2,2022-07-18,NULL
150402843,lcarell,2,2024-03-21,NULL
150634033,dcominu,1,2021-11-25,NULL
150725991,gharrington,1,2021-06-10,NULL
150933277,swratteneh,1,2021-08-21,NULL
152962845,epascoe5n,1,2021-10-09,NULL
153761534,revershed,1,2020-06-26,2023-12-03
153761535,revershed,2,2023-12-03,NULL
154889619,rroulstondy,2,2023-12-10,2024-09-08
154928487,sorger,2,2020-10-23,2024-01-07
155224169,ptaffieat,2,2020-05-31,NULL
156651272,eturville6z,1,2022-03-13,NULL
158093556,gnemchin,1,2021-03-03,2023-10-29
158093557,gnemchin,2,2023-10-29,NULL
158873738,asempillgi3,2,2020-09-17,NULL
158911734,ldabberh,2,2022-05-23,NULL
159230123,wdominguez40,1,2022-08-29,2023-01-01
159230124,wdominguez40,2,2023-01-01,NULL
159349337,fixor4h,1,2024-03-08,NULL
160582163,gpressland,2,2020-02-20,2024-06-22
162973570,jculshaw6o,2,2021-07-04,NULL
164491326,bstrotond6,1,2024-03-12,NULL
164910534,scattlowbq,1,2020-10-29,NULL
167490361,cnettels,2,2021-04-27,NULL
168990109,ssleitfp,2,2023-02-16,2024-08-26
169490534,dpomphreyf6,1,2023-02-12,NULL
169663787,achasmoore4,2,2024-02-29,NULL
170550550,fdominey6i,2,2023-03-15,NULL
173171604,rhelin7d,2,2020-08-25,2024-03-31
173359967,hkemwalge,1,2020-05-15,2023-02-26
173359968,hkemwalge,2,2023-02-26,NULL
174205153,wjenckesdn,2,2023-11-06,NULL
174302325,agenesegx,2,2021-07-27,NULL
175545839,gbradly9g,1,2023-03-22,2023-10-07
175545840,gbradly9g,2,2023-10-07,NULL
178735334,mrufflim,2,2020-08-24,2023-02-01
181210448,galkka,2,2022-07-17,NULL
183377022,thakonsson27,1,2023-01-13,2024-01-06
183377023,thakonsson27,2,2024-01-06,NULL
184429978,rabdeyb6,1,2020-06-09,NULL
184659981,astillingkee,1,2021-12-05,2023-12-01
184659982,astillingkee,2,2023-12-01,NULL
185975568,rmosconi5t,2,2022-07-28,NULL
186449250,grawsthorn79,2,2023-10-22,NULL
186875841,fhynsonfw,2,2023-04-05,2023-11-24
187267790,kjerzemes,1,2020-07-21,2024-03-08
187267791,kjerzemes,2,2024-03-08,NULL
187679851,crasher,2,2022-12-26,NULL
188862528,lhaves,1,2022-03-13,2024-12-07
188862529,lhaves,2,2024-12-07,NULL
189144905,gpankettman3e,2,2021-04-02,2023-08-10
191153574,aluipold72,1,2021-12-02,NULL
191433851,gcullin2n,2,2022-06-06,NULL
192026217,mambrosio65,1,2023-10-25,NULL
193607909,lfaseyfq,1,2021-08-19,NULL
194178110,emonti,1,2024-01-10,NULL
194535887,gklewerl,1,2021-07-30,2024-07-14
194535888,gklewerl,2,2024-07-14,NULL
194922189,mwashbrookif,1,2022-07-01,NULL
195328211,vpharrow2f,2,2022-12-27,NULL
195373827,ndyhouse5w,1,2022-11-11,2023-11-03
195373828,ndyhouse5w,2,2023-11-03,NULL
196085659,ctopping,2,2021-03-23,NULL
196797450,fchristophe6s,1,2022-03-16,2024-10-26
196797451,fchristophe6s,2,2024-10-26,NULL
197842757,fscoled0,1,2024-01-04,2024-04-20
197842758,fscoled0,2,2024-04-20,NULL
197897516,gbrace,1,2022-01-22,2024-09-29
197897517,gbrace,2,2024-09-29,NULL
200252530,jmoodycliffe78,2,2022-05-17,NULL
202193909,cbryano,1,2020-01-07,NULL
203370485,ssirnjak,2,2023-10-01,NULL
203506975,lhazeldean,1,2023-11-10,NULL
204166876,dmassinghamgr,1,2021-10-08,2024-01-01
204166877,dmassinghamgr,2,2024-01-01,NULL
205143211,tgussina4,2,2023-11-15,NULL
206239161,celia,2,2023-09-09,NULL
207527920,kgisbey,1,2020-04-07,2024-01-17
207527921,kgisbey,2,2024-01-17,NULL
207666354,mgillow2z,1,2024-02-07,NULL
207733812,mcicccitti9j,2,2023-10-16,NULL
208577234,dmackenny7b,1,2022-04-07,NULL
210463347,pmathevon8s,2,2022-07-13,NULL
210485525,jdenicolo,1,2021-11-08,NULL
210844176,lmalby34,1,2021-10-18,2023-08-18
210844177,lmalby34,2,2023-08-18,NULL
211442387,lzellmerq,1,2020-04-04,NULL
212136761,mnovichenko6y,1,2024-01-04,NULL
213598701,kbodhamjz,2,2022-08-04,2023-02-20
214024700,atydd4m,2,2021-09-04,NULL
215131105,mferryo,2,2020-01-26,NULL
217733951,mpyburnf8,2,2021-05-28,NULL
217790236,eallot1k,2,2022-10-29,2024-07-17
218766217,gmcguirki2,2,2023-07-04,NULL
218826229,emitchiner29,1,2020-05-06,2023-11-28
218826230,emitchiner29,2,2023-11-28,NULL
219091259,ccampe,1,2021-02-08,NULL
219463706,jprodrickim,2,2023-07-01,NULL
219548159,jberkelay67,1,2021-06-26,2023-12-04
219548160,jberkelay67,2,2023-12-04,NULL
219843559,uherkessbs,2,2021-10-28,NULL
223526858,bkhangs,1,2023-05-21,NULL
224093057,sduchartcn,2,2021-11-28,NULL
224692466,icrun,1,2021-05-24,NULL
224905825,kfiller3g,2,2022-06-21,2023-06-07
226947259,lkunischga,2,2020-05-08,NULL
227805127,jtedrami5,2,2021-01-17,NULL
228663929,ejarleyhz,1,2021-11-30,2024-05-14
228663930,ejarleyhz,2,2024-05-14,NULL
228710764,gwerrahk,2,2022-10-22,NULL
229170001,tmechi23,1,2021-08-13,NULL
230383866,klandryij,2,2021-10-11,NULL
230424492,bgoveyaf,1,2020-06-05,NULL
231047298,tduffelnik,1,2022-06-07,NULL
231280860,amckieg3,1,2021-09-30,NULL
233082792,bhannibal3r,1,2022-06-04,NULL
233466943,tberringer5i,2,2023-12-09,NULL
234002533,cgillian,1,2024-04-14,NULL
234895979,acutillfc,1,2023-01-28,NULL
235171824,kreynish,2,2022-09-20,NULL
237275551,gshemiltbe,2,2021-02-15,NULL
237460820,mboonr,1,2020-10-26,NULL
238636660,asimonnind9,1,2023-06-24,2024-01-25
238636661,asimonnind9,2,2024-01-25,NULL
238780804,jhawton,1,2020-08-01,NULL
239557570,pkench6n,1,2020-10-30,NULL
239953028,kwelbourn,1,2021-09-09,NULL
240532770,mlamarli0,1,2022-06-07,NULL
240733165,mcaddy,1,2020-06-15,2023-11-18
240733166,mcaddy,2,2023-11-18,NULL
244578422,jshilham,2,2021-12-17,NULL
244947026,ckentwelldf,1,2023-08-22,2023-09-04
244947027,ckentwelldf,2,2023-09-04,NULL
245720325,anewland6w,2,2020-02-16,NULL
246162367,zashleigh,2,2020-09-27,2024-11-25
246740592,wgyford89,1,2021-10-24,NULL
249280225,aabramin44,1,2021-09-12,NULL
249317877,ademorenof0,2,2022-11-06,2024-12-21
249477014,sattleedk,1,2024-03-10,2024-03-07
249477015,sattleedk,2,2024-03-07,NULL
249547650,aworpole,2,2024-05-08,NULL
250071594,rbarlas,2,2020-10-21,2024-12-17
250999627,kbreinlein9e,1,2024-01-04,NULL
251064921,rsooley3j,2,2020-05-18,NULL
252363397,rstelljesb0,1,2020-06-27,NULL
254427443,cbuckthorp37,1,2023-06-24,NULL
255712379,mauguste,1,2022-10-23,2023-08-13
255712380,mauguste,2,2023-08-13,NULL
255712611,tvarah,2,2020-12-22,NULL
256467866,jreynolds8w,1,2022-12-22,NULL
257006589,acristofor57,2,2022-01-12,2024-02-19
259266701,nlamblin,1,2020-06-10,2024-03-10
259266702,nlamblin,2,2024-03-10,NULL
259600604,cbanks,1,2023-12-03,NULL
260047827,pramazeu,1,2021-12-28,NULL
263678818,rpedwellw,1,2021-04-12,2024-09-05
263678819,rpedwellw,2,2024-09-05,NULL
264196803,wmauchline1c,2,2023-04-08,NULL
264527815,egrubey,1,2021-09-29,NULL
264755943,asturleydm,1,2021-01-28,NULL
265597787,cdennehy1,2,2021-07-17,NULL
265737313,bmardlingkf,2,2020-06-27,NULL
265839928,smellonby,1,2020-08-28,NULL
266532012,objorkan94,2,2024-02-14,NULL
267222230,gmetheringhambb,2,2023-03-29,2023-07-21
268016858,fvanbrugh7,2,2021-12-23,NULL
268116606,rkimmince7f,2,2021-10-28,NULL
268218376,jcrabbede,2,2021-11-22,2023-08-23
268992984,jrobers3f,1,2022-08-18,2023-09-25
268992985,jrobers3f,2,2023-09-25,NULL
268998787,bflippinieu,2,2023-11-21,2023-12-24
269170949,rglavesb,1,2023-05-03,NULL
269675935,cvardon7w,1,2021-10-24,NULL
269710611,abradnam,2,2023-08-10,NULL
270195131,cmadrel,1,2020-02-29,2024-01-14
270195132,cmadrel,2,2024-01-14,NULL
270719013,ltale,1,2021-03-17,2023-11-24
270719014,ltale,2,2023-11-24,NULL
271264563,jgair0,2,2023-10-07,2024-02-17
273582546,rperesihk,1,2020-05-11,NULL
274325965,rkeetley,1,2021-09-01,2024-04-14
274325966,rkeetley,2,2024-04-14,NULL
276570014,sfarrans46,2,2023-12-19,NULL
276664632,jisabellgw,2,2020-08-01,NULL
278567427,kmaudlingfv,2,2024-01-26,NULL
279552307,ssparrow7j,2,2023-11-21,2024-04-23
281284687,avallint,2,2020-02-09,NULL
281996010,vsplinterk7,1,2021-10-10,NULL
283413686,adunstan,2,2020-10-31,NULL
283900326,gspightce,2,2020-03-05,2023-08-22
287458639,nkarlicekfy,1,2020-10-07,2024-05-01
287458640,nkarlicekfy,2,2024-05-01,NULL
288443477,tmcglue9m,1,2022-12-14,2024-01-05
288443478,tmcglue9m,2,2024-01-05,NULL
290786029,rmensler,1,2020-05-08,2023-02-22
290786030,rmensler,2,2023-02-22,NULL
290895836,kkinnell,1,2022-11-02,NULL
291518513,hboardman8y,1,2020-02-01,NULL
292686477,espark,2,2022-05-13,NULL
292992818,lschild,2,2020-03-12,NULL
293314419,akarel11,1,2022-10-15,2024-09-06
293314420,akarel11,2,2024-09-06,NULL
295008465,mshuttle4v,1,2021-11-12,NULL
295207925,csnuff,2,2021-08-11,NULL
295492138,discowitze6,2,2023-09-09,NULL
296673783,lbettanayo,2,2023-10-23,2023-09-25
297134136,dsmorishhq,2,2023-10-15,2023-09-30
297745184,astainburnbi,2,2020-05-24,NULL
298376108,elally2k,2,2021-08-12,NULL
298820148,mscrivinor2o,2,2021-01-03,NULL
299417575,mputterg,2,2020-01-16,NULL
299708146,gvowelscy,1,2024-04-28,NULL
300299346,asatterly6v,2,2021-10-22,NULL
300377836,bbeauchampem,1,2020-02-16,NULL
300917190,jtollmache,1,2023-10-27,NULL
301206790,ecollerbu,2,2023-10-20,NULL
301366042,tfaraday6k,2,2020-03-12,NULL
305094262,psimmsd2,1,2021-12-13,2024-01-01
305094263,psimmsd2,2,2024-01-01,NULL
308249538,einettal,2,2021-03-04,NULL
309542025,rsandcraftthx,1,2023-11-28,NULL
309828854,jferencowicz,2,2020-01-27,NULL
310708144,lcastillon4z,1,2023-03-12,NULL
313535108,acastane5,2,2021-01-26,NULL
314184973,mclerkkin,2,2023-11-09,NULL
314258493,ronraetg0,2,2023-11-20,NULL
315574902,wgrigoroni,1,2020-01-03,2024-09-08
315574903,wgrigoroni,2,2024-09-08,NULL
316467851,lharrop2u,1,2020-07-06,NULL
317098308,kmcmonnies,2,2023-03-12,NULL
317183666,dwebberley4i,1,2022-07-21,2024-01-10
317183667,dwebberley4i,2,2024-01-10,NULL
318010708,sholt,1,2021-01-22,NULL
319127513,esullivan,1,2023-03-23,NULL
321654987,ldallanr,2,2022-12-29,NULL
321987654,szylbermann98,2,2022-05-08,NULL
322010955,amertgends,2,2020-06-17,NULL
322342540,ktippetsy,2,2022-02-03,2024-04-18
322869873,bboynes,2,2020-08-18,NULL
323917472,crenforthdv,1,2020-02-21,NULL
324070447,miacavone41,1,2021-10-09,NULL
324964490,klether,1,2022-04-24,2024-02-07
324964491,klether,2,2024-02-07,NULL
325710660,ttaklec9,1,2022-12-20,2024-12-31
325710661,ttaklec9,2,2024-12-31,NULL
326891948,kpittoli5y,1,2022-10-20,NULL
326940805,jclowesn,2,2021-07-13,NULL
326946353,qyorkdh,1,2022-02-26,2023-01-14
326946354,qyorkdh,2,2023-01-14,NULL
327755641,ktumer,2,2022-02-17,NULL
328105881,lglew7l,1,2022-10-01,2024-05-23
328105882,lglew7l,2,2024-05-23,NULL
328625221,spechacekgt,1,2023-12-11,2023-12-02
328625222,spechacekgt,2,2023-12-03,NULL
329498824,cbusek4r,1,2024-03-03,NULL
329564323,upietri68,2,2021-02-27,NULL
329610701,amcclymond6p,2,2021-04-22,NULL
330228975,etayspellbw,1,2021-07-19,2024-08-07
330228976,etayspellbw,2,2024-08-07,NULL
330483393,abirbeck36,1,2020-05-17,NULL
330582764,rbursnollf1,1,2022-07-17,NULL
332032827,keverist91,1,2020-04-05,2024-06-03
332032828,keverist91,2,2024-06-03,NULL
332832428,zstearndale7c,2,2020-08-31,NULL
333725640,wchripp,1,2022-04-05,NULL
334090069,gjopp,2,2023-10-28,NULL
334224569,kdadd,1,2022-07-18,2024-11-06
334224570,kdadd,2,2024-11-06,NULL
335732830,csarll4k,1,2022-09-28,NULL
336490978,bsuttlingbj,2,2023-03-15,NULL
336711262,csoldidu,1,2021-01-20,NULL
337258215,fgladdorh7,1,2022-09-22,2024-08-13
337258216,fgladdorh7,2,2024-08-13,NULL
337490413,asackler8a,1,2021-06-30,NULL
338769522,mpratley7o,1,2021-12-28,2024-07-30
338769523,mpratley7o,2,2024-07-30,NULL
340574337,acuttsah,1,2020-09-29,NULL
340875249,kgitthousegd,2,2021-10-13,2025-03-21
342437368,amelarkey8e,1,2022-12-09,2024-01-25
342437369,amelarkey8e,2,2024-01-25,NULL
343566178,emarshallsayd1,2,2020-11-20,NULL
343783734,gmccleish,2,2022-12-06,2024-01-24
344005706,skoop7e,2,2021-05-07,2024-09-02
345434793,pmuffittgv,1,2024-04-26,NULL
346089725,akillgus2,1,2022-12-05,NULL
346389332,dhall3a,2,2020-03-23,NULL
348051569,blamewood,2,2021-01-06,NULL
348670464,rlyenkoenko6,1,2023-05-20,NULL
351139459,dmell,1,2021-03-07,2023-06-18
351139460,dmell,2,2023-06-18,NULL
353242306,tmonahan64,1,2020-10-27,NULL
353286155,ksawtry,2,2022-01-01,NULL
354399151,kspourel,2,2022-02-27,NULL
354466420,kstrete6a,2,2022-02-03,NULL
354905629,aricard84,1,2024-01-01,NULL
356038255,rtreweela5s,2,2021-12-02,NULL
356694038,tsherared,1,2023-06-01,NULL
359288698,zmilbyey,2,2021-07-22,NULL
360139637,tspeener,1,2022-01-08,2024-01-19
360139638,tspeener,2,2024-01-19,NULL
360948944,rminogue1s,1,2022-01-10,NULL
361972645,rsabbins,2,2021-04-04,NULL
362181028,cdawby8o,1,2020-11-04,NULL
362951889,cgregol,2,2020-02-03,NULL
363152161,nlangshaw1t,2,2022-11-14,NULL
365753948,tcampaigne8q,2,2024-01-25,NULL
367474183,bcorbouldd8,2,2021-12-03,NULL
368147382,ccrawford13,1,2021-12-15,2024-03-12
368147383,ccrawford13,2,2024-03-12,NULL
368796123,edimitriev,1,2021-06-08,NULL
369014975,pmatuskiewicz55,2,2021-02-11,2025-03-18
371032753,pmckaln,2,2021-01-12,NULL
371225216,sjansemafb,1,2022-06-03,NULL
371279170,ogietz1d,1,2022-10-15,NULL
372083560,psmith,2,2022-02-18,NULL
372446472,aharcum,2,2021-12-27,NULL
373316194,rtimberlake3z,2,2023-11-01,NULL
374407249,mgueinn,2,2022-08-23,NULL
374488934,dvellacott1u,1,2023-08-04,NULL
375489693,glacroce1a,1,2021-04-08,NULL
375521494,fgourlayfh,1,2022-12-29,NULL
375555818,astpaulex,2,2023-03-04,2025-02-08
376137329,gbodker,2,2022-11-16,2025-01-11
376429258,kchapelhowb2,1,2022-03-23,NULL
377693856,phaggath9u,1,2023-04-10,NULL
377991465,dcordier1o,2,2020-11-09,NULL
378108423,kbudnik,1,2024-01-30,NULL
378505199,fbeneix,1,2021-06-15,NULL
378993291,vdeeprose3m,1,2023-10-20,NULL
380082974,rbroddell,1,2023-02-07,NULL
380096716,pmattersn,1,2020-08-10,2023-02-13
380096717,pmattersn,2,2023-02-13,NULL
380222753,omccraydx,2,2023-08-31,NULL
380305124,hbaldinotti4e,2,2023-08-30,NULL
380409363,kmaryet,2,2021-11-14,2024-05-01
380508153,dmackeandc,1,2023-05-31,NULL
381253995,gnilgesby,2,2023-10-02,NULL
381524999,sbartoleynau,2,2020-10-11,NULL
382057478,mwebley,1,2020-02-22,2023-06-30
382057479,mwebley,2,2023-06-30,NULL
382092480,yfranciisid,2,2021-02-13,NULL
382488979,dbeaushaw4n,1,2021-12-17,NULL
383623479,lburril77,2,2022-05-03,NULL
384261707,gbaston,2,2023-10-05,NULL
384754387,mgorettid5,2,2023-07-20,NULL
384850129,aleechgh,2,2024-04-14,2024-04-25
385626683,ccopysonht,1,2020-10-26,NULL
386305792,sphette4a,2,2020-01-13,NULL
386734531,sbreeze,1,2021-04-21,2023-05-02
386734532,sbreeze,2,2023-05-02,NULL
387021995,dboughton2m,2,2020-07-06,NULL
392354459,jbulteelcq,1,2022-06-19,NULL
394472403,jplanque,2,2020-11-25,NULL
394517970,kgirk5,1,2020-03-15,NULL
396148206,ishaylorju,2,2023-12-31,NULL
396183373,aaldcornck,2,2023-01-20,NULL
396706299,gfaithfullh3,2,2020-07-30,NULL
398358049,bimpey2b,2,2023-05-15,NULL
398372817,cdipple,1,2021-09-03,NULL
398851884,kcutbirthcb,1,2020-12-21,2024-03-12
398851885,kcutbirthcb,2,2024-03-12,NULL
399734692,rjahnelg4,1,2022-04-30,NULL
400361907,khambrook,1,2020-04-14,2023-07-31
400361908,khambrook,2,2023-07-31,NULL
401471355,jhlavac52,1,2023-11-07,NULL
402005489,achernikofjl,2,2020-05-27,2023-04-13
402528375,lparkeshaw,2,2020-01-29,NULL
403082181,hbechleyf9,2,2020-02-01,2024-02-19
403090700,jwhittuck,2,2023-02-07,NULL
404198256,jbanger49,2,2020-05-01,NULL
404230468,mvittery83,1,2022-02-09,2024-04-15
404230469,mvittery83,2,2024-04-15,NULL
404270328,wlinger17,2,2024-03-27,NULL
407912630,ystanesbyh1,2,2021-07-21,2024-11-09
408496253,jpagdenfi,2,2021-06-09,NULL
409020981,apalekcp,2,2024-05-12,NULL
409216996,clervenae,1,2022-07-13,NULL
410013428,dpointing85,1,2020-05-03,NULL
410037191,ryanyshev48,1,2022-02-04,2024-03-17
410037192,ryanyshev48,2,2024-03-17,NULL
410220473,gaubray8i,2,2021-12-10,NULL
410306972,achiplin,2,2021-01-22,NULL
411346360,dbrockestie,2,2020-07-29,NULL
411598248,ljewet,2,2022-03-01,NULL
411732439,gkeirgi,2,2021-06-20,2024-11-21
413480200,zaronovitz59,2,2021-01-18,NULL
416052321,pwilderspoon35,2,2020-11-04,2025-02-21
419099403,bmacg,1,2021-01-28,2024-05-28
419099404,bmacg,2,2024-05-28,NULL
420127942,mianilli2y,2,2021-09-17,2023-06-02
420666684,dsnelsonbv,1,2022-11-05,2024-06-06
420666685,dsnelsonbv,2,2024-06-06,NULL
420801047,oeggington,1,2020-02-18,2023-08-09
420801048,oeggington,2,2023-08-09,NULL
421526366,scaudwell,2,2023-01-02,NULL
421907162,pquinnel,2,2022-06-30,NULL
423194214,eferrei,1,2022-06-26,NULL
423232237,malexsandreveg,1,2021-11-15,NULL
424003906,abruceini,1,2023-05-28,2024-06-17
424003907,abruceini,2,2024-06-17,NULL
424983788,bgeertje3v,2,2021-02-03,NULL
425421067,acalvardii,1,2020-01-02,NULL
428391498,nbretton1n,1,2020-03-29,NULL
429930745,jmargarson,2,2023-12-04,NULL
431224361,kboustead,2,2020-10-12,NULL
431365272,emeys5z,2,2020-09-29,NULL
433673680,cscowenc8,2,2021-07-26,2024-09-30
437160615,tdinapoliba,2,2022-08-26,NULL
437876044,vgurys33,1,2024-04-24,NULL
438008141,ndumper4w,2,2021-03-10,NULL
438557236,jdiioriofn,2,2021-08-17,NULL
438989377,kpudner,1,2021-05-03,NULL
439778522,aiacovinofo,2,2023-06-07,2025-02-14
439856112,ebelanili,2,2021-04-06,2023-05-10
440319079,fgronav,1,2020-04-11,2024-06-16
440319080,fgronav,2,2024-06-16,NULL
440535382,enutting3h,1,2022-11-11,2024-02-21
440535383,enutting3h,2,2024-02-21,NULL
442041138,smartinec20,2,2022-05-24,NULL
442405318,rjeffcoatt,1,2022-06-05,NULL
443364184,rbrixham26,2,2024-02-01,NULL
445242475,gperringtoncd,2,2023-02-04,NULL
448027029,darrell1w,2,2021-04-10,NULL
450389944,lfairnal,2,2022-08-21,NULL
451129247,dbassingham19,2,2020-08-25,NULL
451971659,cjenningsft,2,2023-11-29,NULL
452672273,pchaterk8,1,2021-04-22,NULL
452809632,tgledstane4l,2,2023-12-17,NULL
454533513,gbernlidl,2,2023-08-22,2024-05-21
455175575,cgomm,2,2022-06-19,2024-12-29
456123789,gdougaryc1,2,2020-05-02,NULL
456429600,croulston69,2,2021-05-30,NULL
457518630,cwooldridgiie,1,2021-01-12,NULL
458586196,dladburyij,1,2023-08-30,2024-10-13
458586197,dladburyij,2,2024-10-13,NULL
459854596,sstudholmejt,1,2022-01-29,NULL
461099409,smalesch,2,2023-05-27,NULL
462726563,dtrobee1,2,2022-09-05,NULL
462863154,owrenn,2,2020-08-05,NULL
463476585,jcrehanct,1,2024-05-05,NULL
466006670,hodgaardd,1,2022-10-10,2024-11-06
466006671,hodgaardd,2,2024-11-06,NULL
467563508,cbumfordan,1,2023-08-30,NULL
467845381,fullettha,2,2020-02-09,2024-04-03
468276153,lbonyfg,2,2021-03-28,NULL
468373221,dlautiecg,1,2021-04-05,NULL
470414325,wlayne,2,2020-09-03,2023-06-10
472554202,tcarloni,2,2021-12-28,2024-08-27
474230616,khugginsc0,1,2022-12-23,NULL
474716526,ddabnerg2,2,2021-08-17,NULL
475265686,bportma,1,2023-07-10,NULL
475905622,cde,2,2020-11-25,NULL
477965827,trumbles,2,2024-01-21,NULL
478002020,llapenna7s,2,2023-08-02,NULL
480125936,hwinsome3l,2,2023-03-23,NULL
480582116,nindge,1,2022-03-17,NULL
480606059,wdregan3u,2,2021-05-10,2024-10-17
481074625,rmattheeuw,1,2021-02-09,NULL
481994505,dbullettrjr,2,2021-06-27,NULL
482284601,rsplevingfz,2,2020-11-06,NULL
483182482,ncansdillfd,1,2023-02-28,NULL
484440948,sedmondsoneb,1,2020-02-08,NULL
484446843,asykesap,2,2021-10-09,NULL
484659858,kchree,1,2020-01-23,NULL
485770226,jboulstridge,1,2023-05-21,NULL
485874044,jandriol,2,2023-12-29,NULL
486316864,hfensome3y,1,2023-08-13,NULL
487661233,yslora,1,2023-10-11,2024-06-08
487661234,yslora,2,2024-06-08,NULL
488881756,drosende,2,2022-11-25,NULL
489653955,vgladebeck30,2,2023-03-08,NULL
491063171,mfoffano76,2,2023-03-18,2024-07-19
491654129,dkwietek6c,2,2022-07-03,NULL
492771600,mstoneleyej,1,2022-04-18,NULL
495761505,jbermon,1,2023-09-09,NULL
496637299,kbillinq,2,2022-09-25,NULL
497386923,tstewartry,1,2022-11-18,NULL
498355033,fplevinq,2,2022-11-25,2024-08-21
499505441,cchatersg,1,2021-11-10,2024-07-03
499505442,cchatersg,2,2024-07-03,NULL
500143013,rquarringt,2,2024-02-15,NULL
501497243,jcomb,1,2020-10-16,NULL
502236768,ctomaskov7v,1,2023-08-08,2023-07-15
502236769,ctomaskov7v,2,2023-07-15,NULL
504629872,fwathalln,1,2022-09-14,2023-04-22
504629873,fwathalln,2,2023-04-22,NULL
505300682,kmullerhv,2,2020-09-08,2023-11-15
505597250,tpankridge,1,2023-08-21,2024-03-27
505597251,tpankridge,2,2024-03-27,NULL
507227182,jperkin7p,2,2022-01-30,NULL
507301069,mwheelhouse47,2,2022-04-18,2023-09-21
507307869,ushepherd,1,2020-11-09,NULL
508260089,smazeyk3,2,2023-04-21,NULL
508379253,cgianinazzi,2,2020-08-05,NULL
509113139,amistry,2,2021-05-27,NULL
514319574,wgladden5e,2,2021-03-24,NULL
515593838,abattlefm,2,2023-03-05,NULL
516046762,tpatrieas,1,2023-09-02,NULL
517422454,ncashmorey,2,2021-12-05,2024-05-26
517774346,mmcquodefx,2,2022-10-15,NULL
517825929,jdollardbx,1,2023-08-05,NULL
517876345,mwendel,1,2022-06-28,2023-10-22
517876346,mwendel,2,2023-10-22,NULL
519379151,jmckever,1,2021-12-18,2024-07-09
519379152,jmckever,2,2024-07-09,NULL
522021046,awillettsad,1,2021-05-11,NULL
522079708,rhickenbottom9k,2,2020-01-14,NULL
522724886,bvalenta2h,1,2020-11-19,NULL
523931614,hlabdengf,2,2022-04-15,NULL
523967581,cglynn3x,2,2023-04-29,2024-07-24
527613952,enores,2,2021-10-05,NULL
530671243,wcordy8j,2,2022-11-02,2024-08-20
532081009,prackleyg7,1,2021-03-21,NULL
532130114,jsizer,1,2022-10-02,NULL
532656337,jlande4c,2,2020-11-25,2025-02-12
533935826,dkondratew,2,2023-12-31,NULL
534024517,smcgraithjw,1,2021-09-20,NULL
534126515,cleyland8f,1,2021-04-16,NULL
534297665,dsnell,1,2022-06-15,2024-11-30
534297666,dsnell,2,2024-11-30,NULL
535541304,ccalafate9f,1,2020-05-24,NULL
538051102,nnoteyoung1h,1,2022-12-13,NULL
538310121,medicumbw,2,2022-10-05,NULL
538630689,zscraftona8,1,2022-08-14,2024-10-05
538630690,zscraftona8,2,2024-10-05,NULL
539548337,trossibl,1,2020-06-08,NULL
540038262,goppyfa,1,2023-11-28,2024-04-12
540038263,goppyfa,2,2024-04-12,NULL
543755335,tgoodrun,1,2023-09-09,NULL
544115892,rmouldscm,2,2023-10-31,NULL
544804883,atuft70,1,2022-09-19,2024-10-22
544804884,atuft70,2,2024-10-22,NULL
545951477,jrosenfeld,1,2022-07-07,2024-02-14
545951478,jrosenfeld,2,2024-02-14,NULL
547064099,ocouves,2,2020-06-04,NULL
548397353,bplowell5m,1,2021-05-10,NULL
548457474,csifflett4g,2,2022-08-03,2024-08-14
550351628,mmullerao,2,2021-05-29,NULL
550397096,mlangcaster2a,2,2023-08-31,NULL
550621448,lringa1,2,2023-02-24,NULL
551164778,pgounard1m,2,2022-07-21,2025-04-15
551525795,dvenners75,1,2021-10-10,2024-10-31
551525796,dvenners75,2,2024-10-31,NULL
554839371,ltown8t,2,2021-03-22,2025-03-10
557201969,einglesantfk,2,2020-10-10,NULL
557333398,kperott,2,2020-03-22,NULL
558810498,sudden7h,2,2020-01-01,NULL
562477346,griddickax,2,2020-10-06,2023-02-21
563308097,mcorbitt,1,2020-03-15,NULL
566004317,fmcmoniesc2,2,2022-10-11,NULL
566072685,spipkins,1,2020-06-15,NULL
567160886,cwickwar3i,1,2021-03-23,NULL
568839257,mmander3n,1,2023-07-18,NULL
569783602,gblaken,2,2020-11-10,NULL
569850724,dmcdonellbt,2,2023-02-18,NULL
570602294,tgunnlaugik,1,2022-10-15,2023-08-29
570602295,tgunnlaugik,2,2023-08-29,NULL
573464127,spohlakhc,2,2020-05-26,NULL
574382328,omarshfieldp,1,2024-02-22,NULL
575027981,jsaiz3o,2,2021-10-16,NULL
575070343,rwinnistera7,2,2021-04-13,2024-11-26
575620171,sgunbie53,2,2021-01-15,NULL
576187674,mhoweljjq,1,2022-01-22,2023-05-16
576187675,mhoweljjq,2,2023-05-16,NULL
576679224,lsemeradova51,2,2021-05-10,NULL
576964533,nrobotham,1,2021-03-28,NULL
577822690,apossell82,2,2024-03-25,NULL
579175148,gfollettm,2,2022-12-15,NULL
580317635,ealtimasee,1,2023-07-22,NULL
581256623,vbinehambd,2,2023-08-30,NULL
582251078,twarfield97,1,2022-03-26,2024-04-11
582251079,twarfield97,2,2024-04-11,NULL
584407439,edoght,2,2020-03-07,2024-08-31
584914798,pmogganhj,1,2023-04-27,NULL
585178162,ekelle9r,1,2020-10-03,NULL
585355190,rfairholme8l,2,2022-03-17,NULL
585838411,kbarrabeale7k,1,2020-06-08,NULL
586785343,cwalliker63,1,2024-02-07,NULL
586788227,acally,2,2022-06-29,NULL
586914527,swaby9a,1,2020-02-01,2023-04-19
586914528,swaby9a,2,2023-04-19,NULL
587521996,twritercw,1,2022-04-16,NULL
588523368,glaver,2,2022-02-18,NULL
590003779,gmacgruer5c,1,2021-10-15,2023-01-04
590003780,gmacgruer5c,2,2023-01-04,NULL
590027522,wgreated,1,2021-11-04,NULL
590117052,gtanman8h,2,2023-07-08,NULL
590550067,bfreestone,2,2021-09-26,NULL
590943178,fbavister3d,2,2023-02-24,2025-04-14
592037244,rgoodisonjx,2,2024-04-19,NULL
592584212,rrenehan7n,1,2022-07-19,2024-05-30
592584213,rrenehan7n,2,2024-05-30,NULL
592915660,aharmondb9,2,2022-07-14,NULL
595679915,ddexter,1,2021-11-18,2023-11-11
595679916,ddexter,2,2023-11-11,NULL
600747174,colongainc7,2,2022-07-19,NULL
601441386,mhaquin7z,2,2020-01-25,NULL
601538409,seynald61,1,2023-07-08,NULL
602202765,mcarneyy,1,2023-04-14,2024-11-27
602202766,mcarneyy,2,2024-11-27,NULL
602294765,vcasanova,1,2020-10-11,NULL
603212082,lsilverston,1,2021-01-12,NULL
603495279,btybaltile,1,2022-01-14,NULL
603792304,cfreynecr,1,2020-12-03,NULL
604198590,mcallek,2,2020-07-03,NULL
605830478,cdreief,2,2023-11-09,NULL
606132981,rshearme,2,2021-05-27,NULL
608096441,vhurnef3,2,2021-02-28,NULL
608624871,esupplek1,2,2023-11-15,2024-02-09
610247910,lmegahey2q,1,2020-04-17,NULL
610459104,mdrinkhall9t,2,2021-03-29,NULL
610463951,rkendrick,2,2022-09-09,NULL
611022668,nhersant,1,2021-10-20,2024-02-16
612525489,yfeather,1,2023-06-20,NULL
613198173,mbrilleman,2,2023-12-24,NULL
616284983,cchetham3q,1,2020-08-19,NULL
618633072,tsandy9z,2,2021-02-17,NULL
619718648,mhasketth9,1,2021-02-14,NULL
619743330,aspread8d,1,2022-03-30,2024-11-14
620556245,cbullant,1,2021-04-13,NULL
620794404,jwitcher,2,2023-09-26,2024-11-19
622493906,rcorre,1,2021-04-28,NULL
622695614,cnolleau7t,1,2020-08-15,NULL
624685969,msimchenko4f,2,2022-06-26,NULL
624829433,pkienlein,2,2022-09-26,NULL
625146261,gcreaghhu,1,2020-12-05,NULL
626512964,jimortda,2,2020-05-17,2023-11-29
628573313,jprudham2e,1,2023-12-12,NULL
628947943,rcopyn,1,2020-07-11,2024-09-27
630883808,smicah,2,2021-06-03,NULL
632577416,bkidderi9,2,2022-10-16,NULL
632729976,bmackie,1,2022-03-25,2023-07-29
633132973,ddunckley,2,2020-03-12,NULL
633286210,ctovely,1,2024-04-15,NULL
633812724,wmealand,1,2020-05-18,2024-05-31
634317128,zfedynskijn,2,2021-03-11,NULL
635964680,abraniff9c,1,2021-01-24,NULL
636158835,gbenneyii,1,2021-07-11,2024-11-20
636929216,edeng,1,2022-06-27,2024-07-17
636941434,gnehl5p,2,2023-04-12,2024-03-08
637554163,rcorsee7,1,2020-01-18,2024-01-15
638815798,mklimus9i,1,2023-11-08,2024-05-05
640211406,hvinickyk9,1,2020-10-06,NULL
642494225,bcrackettdt,1,2022-07-20,NULL
642611493,ccoshk9,2,2023-10-25,2024-08-25
646799242,dhassell43,2,2023-07-06,2025-03-22
648701344,thamlyn7u,1,2020-10-04,2024-01-17
652531508,szupau,1,2022-02-09,2024-12-21
654178097,cbeadeljo,2,2023-12-18,2024-04-19
654615062,jsimionefu,1,2021-05-23,NULL
656402774,dkleeman,1,2020-01-08,NULL
656836253,lrowledge8r,2,2021-10-06,NULL
657195392,ebrimm8z,2,2020-10-07,NULL
657268049,bbeardellhw,1,2024-01-05,NULL
658496297,jcathcart,2,2022-07-19,2025-05-04
658589646,syarwoodf2,1,2022-06-05,2024-12-25
662514910,ctrustied3,1,2023-09-13,2023-12-14
662514911,ctrustied3,2,2023-12-14,NULL
663716667,ccloweyhl,2,2020-05-22,2023-09-30
665243462,rpinckeddr,1,2023-01-07,2023-11-13
668077583,askyme8b,1,2021-03-21,NULL
668135502,ndenzeybp,1,2020-07-01,2024-12-27
669197003,ecastroei,2,2022-09-12,NULL
669585553,iwallbanks2r,2,2024-02-08,NULL
673281510,mness,2,2021-07-29,NULL
673320640,scrady6f,1,2023-03-18,NULL
674517468,mgilhamihl,2,2024-03-15,NULL
675803155,vgregor1r,1,2021-11-24,NULL
676551588,nsidden50,2,2021-03-06,NULL
677051970,kfiggen,1,2022-07-20,2024-09-03
678212176,epheps,2,2023-02-14,2024-07-06
678260369,nwesternaq,1,2024-05-10,NULL
678308166,hnormavilleh2,2,2023-12-16,2024-10-11
678749037,kwarwick1f,1,2022-06-06,NULL
678949725,mcolliardek,2,2020-01-23,NULL
679638627,whowey,2,2022-09-01,NULL
679840948,fsaffon,2,2020-04-07,NULL
679992325,efilshinok0,1,2020-11-19,NULL
681263893,clongega1g,2,2022-01-18,NULL
683381438,jharrisme,2,2021-11-21,NULL
683856256,cgores74,2,2021-06-14,NULL
684319286,rfurbercx,1,2020-05-14,NULL
684331395,esnowsill28,2,2021-06-28,NULL
684521788,bmessum,1,2021-02-07,2024-12-11
684568433,kpechellr,1,2021-03-01,NULL
684757750,mclaessens,2,2021-05-21,NULL
685461910,tkirtlanar,1,2021-10-15,NULL
685716494,xbricket,2,2024-04-12,NULL
686589671,cmattam5v,1,2022-07-07,2024-10-22
687480935,kserraillier9y,1,2023-01-31,NULL
688798956,efriend,2,2021-01-28,2025-01-18
688987708,ctwizell3t,2,2021-11-05,NULL
689369781,rlystebn,1,2020-02-04,NULL
690546308,obonome,1,2023-11-01,2023-10-31
690546309,obonome,2,2023-10-31,NULL
691321322,jblaxter,2,2021-12-29,NULL
693176545,glammert3s,2,2024-02-08,NULL
693512242,rmurok,1,2020-06-06,2024-11-11
693877249,fdentinif,1,2020-03-03,NULL
694025227,bdunnetdi,2,2024-01-04,NULL
695145883,mgiacoboni80,1,2020-03-24,NULL
695653643,ebuttler2g,2,2023-07-24,NULL
697528852,mblaketon,2,2022-12-06,NULL
698686701,cdoogue,2,2021-04-17,2024-07-05
699696686,nberger5f,1,2020-07-05,NULL
699779727,gtwattcu,2,2023-10-15,NULL
700641584,vmulleary,1,2023-03-16,NULL
701753263,rbonanno,2,2023-01-20,NULL
701912913,mhartgy,1,2023-11-27,2024-11-09
703285868,cbarwis9d,1,2022-05-16,2024-05-04
703764068,ashropshireie,1,2021-04-27,2023-04-13
703815309,glangwadecs,1,2023-05-27,NULL
704056367,edmitrichenko95,2,2020-02-19,NULL
704796941,mcranmer32,2,2021-07-26,NULL
707122842,emariotes,2,2020-10-06,NULL
707920398,kcastree5a,2,2022-11-22,NULL
708323660,afrisknehnh,1,2020-07-21,NULL
708896681,scanland5r,1,2023-06-08,2024-05-29
709065015,gwelcomesq,2,2020-06-18,2025-03-15
710214718,oroy,1,2020-01-07,NULL
710544379,mfagg42,2,2022-09-02,NULL
712934343,kbultitude,2,2021-08-14,NULL
713826472,grous,1,2022-09-13,NULL
714651830,fcasimo,2,2021-06-13,NULL
714846574,ldreschelr,2,2020-07-02,NULL
715111007,astovinghy,2,2023-02-22,NULL
716088446,rdulingdp,1,2023-05-18,2024-05-20
717935424,sogavins,1,2023-06-14,NULL
721872503,rbarforddz,2,2023-08-10,NULL
722466940,jaldertonji4,1,2023-02-13,2024-04-19
722682682,jcambden,2,2021-03-29,2024-08-04
724084340,jdoutch,2,2021-09-11,NULL
724958012,tvereechth,1,2022-04-06,NULL
725011910,jeakins,2,2024-05-11,NULL
725274048,kbrabazon,1,2020-11-08,2024-06-05
726855527,fhodcroft58,2,2022-07-27,2022-12-28
733765813,glesly4q,2,2022-05-12,NULL
735495997,lbratten,1,2020-07-20,2024-02-18
736660741,thandasydecl,1,2023-09-23,NULL
737624268,jvear,1,2022-02-16,2023-12-29
738367587,mwaite6e,2,2020-03-10,NULL
738417026,bcoadci,1,2020-05-03,NULL
740105960,slyste6l,2,2023-04-19,NULL
741131187,dgeraud9,1,2024-03-12,NULL
744428775,cgreenliesai,2,2023-12-02,2024-06-17
744620563,vpipergk,1,2020-03-26,NULL
745468987,dflacknell,2,2020-08-27,NULL
745882289,fvasilevich8x,2,2022-03-01,NULL
746727303,aedge,2,2021-09-13,2024-08-07
747444584,cstevengu,1,2023-10-07,NULL
748544298,charringe,1,2020-10-03,2024-07-13
750586599,cmusker2t,2,2022-09-02,2024-10-10
751373900,vmoxley62,2,2022-12-01,NULL
754242679,csimm96,2,2023-03-26,NULL
754490806,nrheaden,2,2020-05-10,NULL
755316493,stregellkb,1,2020-03-24,NULL
756054601,mgaylordhd,1,2023-01-31,NULL
756241593,morkett,1,2023-05-28,2024-05-23
757127208,psivewrightx,2,2023-10-10,NULL
757768640,blankshear,2,2024-04-13,NULL
758048848,hlessmare,2,2020-08-28,2024-05-30
758582858,hpien54,2,2022-08-22,NULL
758851969,hvandecasteledg,1,2023-12-18,NULL
759305690,spresley,2,2021-11-04,2024-09-24
761509608,shaggietia,1,2022-07-13,NULL
761807544,omarquissdj,1,2022-05-31,2024-03-19
764894578,blethcoe4b,2,2023-03-29,NULL
765426234,nselland,1,2022-10-28,NULL
765938110,bschelligt,2,2023-10-14,NULL
766583353,rfeltoeii,2,2021-04-30,NULL
771762564,lewenkb,1,2021-02-11,NULL
772388022,mkenwyng6,1,2021-08-05,2024-05-31
772544151,hmursellgm,2,2020-08-15,NULL
774478927,sknowlinggn,1,2021-12-20,NULL
778496207,hjergh5,2,2023-09-18,2023-09-16
782415762,hlude9x,2,2022-05-01,NULL
783288530,ewornhamhn,2,2023-11-20,NULL
785173241,mklassman31,2,2024-02-06,NULL
787534246,wderges8g,2,2021-10-16,2024-11-15
787641913,edrears,1,2022-02-17,NULL
787891372,ndecrusea2,1,2023-03-21,NULL
788280982,mcaldesg8,2,2021-12-19,2025-05-14
790516065,kfrancesconi66,1,2022-12-17,NULL
791862596,ocheyne,1,2020-08-30,2024-04-03
795704551,skinderhhni,2,2021-12-06,NULL
796266538,wdagwell6u,2,2020-06-14,NULL
798795711,ktreagus6m,1,2020-05-14,2024-06-06
801729106,tbaggs,2,2022-06-04,NULL
801886386,apehrssonca,2,2020-06-25,NULL
802979855,btorrance4p,1,2022-09-15,NULL
803527773,lcharityhe,2,2021-04-25,2025-04-24
805365069,hgrinhamib,1,2021-02-13,2024-08-17
806459741,aaldridgedw,1,2020-09-30,2023-08-07
806529651,alindenbluth6x,2,2023-05-08,2023-04-20
808975455,gcoyjv,2,2023-05-26,NULL
809370199,rghidelligo,2,2020-07-04,2023-02-26
809510985,nmaurice,2,2021-08-31,NULL
810245809,astocks,2,2020-12-18,NULL
813819988,woakenfieldb7,1,2020-11-13,NULL
813912363,xbernat1q,1,2021-12-17,NULL
815077851,kfeekesic,2,2023-10-29,2024-05-27
815353903,msheward9o,1,2022-03-02,NULL
818939600,wenticknap8m,2,2021-12-12,NULL
819354843,rcowderoyf4,2,2020-03-27,2024-11-20
822166410,dballethj,1,2021-09-15,NULL
822897773,criggoll39,2,2023-10-26,2024-11-21
824813691,skarolovsky5u,1,2021-12-21,NULL
824826600,mrunnallsam,1,2022-04-06,NULL
828228420,fbartaletti90,1,2022-05-29,NULL
830406784,mthresherff,1,2022-02-13,NULL
830785989,mhowkinsa0,1,2020-07-26,2023-04-21
834289323,tklimushev8,1,2022-04-20,NULL
835327091,aparffreydb,2,2022-08-25,NULL
837356468,lohickeegq,2,2021-01-21,NULL
837722713,esoamesh4,2,2023-02-09,NULL
840688942,asottellh,2,2021-05-16,2023-11-26
846458984,nnaerup4j,2,2023-05-17,NULL
846568315,mlumsdainej,2,2023-01-28,NULL
847034150,hbadwickb,2,2022-06-08,NULL
849980159,bstephens9p,1,2023-02-23,NULL
850913114,wbaynton,1,2022-10-12,NULL
851643359,mbickmoree8,1,2022-07-08,NULL
852259135,rdeport,1,2022-06-17,2024-10-23
852993490,etertreea,2,2020-09-28,2025-05-05
853591322,mhaine,2,2022-10-09,NULL
853607020,jdowd,2,2024-01-26,NULL
854262893,sgrayd,2,2023-11-30,NULL
856721065,eburness,1,2020-05-05,NULL
857375933,rdumpleton8v,1,2023-04-09,2023-07-20
857375934,rdumpleton8v,2,2023-07-20,NULL
859923749,oatlay4u,2,2023-06-27,2025-04-23
860899555,edilrew2v,2,2020-09-03,NULL
862467883,ybatters,1,2020-05-28,2024-06-19
863567746,tpottenes,1,2023-08-05,NULL
865433768,chillhouse1i,2,2023-08-22,NULL
867926643,rhelliwell5q,1,2020-02-15,NULL
868294300,cdaulton9q,2,2022-01-23,2023-10-26
868690032,vorltonec,2,2022-06-02,NULL
870019843,lboden,2,2023-07-27,2024-06-29
871007961,tfearnsides4t,1,2020-08-17,NULL
873197708,bspadotto2p,2,2020-06-07,NULL
875240194,bpanditlejjs,1,2023-07-30,2024-03-08
875240195,bpanditlejjs,2,2023-09-04,NULL
875855316,bdabblerhh,2,2020-04-14,NULL
878953758,kkofoed,2,2023-09-21,2024-03-16
881916070,rbeneze6d,1,2022-08-02,NULL
882416753,bchable1x,2,2020-02-18,NULL
884941525,mplumr,2,2023-10-21,NULL
885139196,jashbridge2x,1,2022-08-13,2024-01-23
886220426,jvinsen,2,2024-01-08,NULL
887253188,tmccardle86,1,2020-11-28,NULL
887858235,cirelan,2,2024-01-01,2024-04-21
890361026,gbenjamin1z,1,2022-02-13,NULL
890625502,kmandrake,1,2023-08-04,NULL
891114127,jchestermanbc,2,2020-05-03,NULL
892124372,mprendergast24,2,2021-09-01,NULL
893559261,dsabertonn,1,2024-02-02,NULL
893901822,gmonroe,1,2020-06-28,2024-09-29
897334563,htanswill,1,2021-06-16,NULL
898221684,jdallenderb5,2,2021-11-12,2023-08-07
898408754,rreuterdq,1,2021-10-22,2024-02-07
899117293,dlearnedbm,1,2020-09-01,NULL
900641274,csapri6,1,2021-12-04,NULL
903854812,lharbisher,1,2023-08-15,2024-09-25
904433083,hnewcome,1,2023-04-05,NULL
905093464,smccobb1j,2,2020-04-28,2025-04-30
905768308,afolkerdbh,2,2021-04-18,2023-10-25
906630119,mmelbury2w,2,2022-10-05,NULL
908150803,lavramov5l,1,2020-04-11,2023-04-09
909563488,vsiemantel4y,1,2020-10-18,NULL
910359395,vhaslen,2,2020-10-30,NULL
910390961,dcustance10,1,2023-11-16,2024-07-08
911302510,hlazenbyev,1,2020-11-18,NULL
913628497,mhannen,2,2020-10-12,NULL
914724162,bhanbidgeii,2,2021-04-08,NULL
914751818,jbrachellgb,1,2023-02-05,NULL
915913415,twatters1p,2,2023-05-09,NULL
917358446,sdellerfe,1,2023-10-01,2023-12-09
919043397,ahedin6q,2,2023-06-09,NULL
920183273,ttorricinaer,1,2021-04-06,NULL
921073320,icorain,1,2023-12-28,NULL
921288964,tdenthr,1,2023-07-27,NULL
922944119,kscandrettp,1,2020-02-24,2024-02-27
923741864,jbaskervillec6,2,2023-01-16,NULL
923969435,awason,1,2020-10-11,NULL
926604612,csaddler,2,2024-04-24,NULL
926820583,tfreibergh6,2,2020-11-02,2023-03-07
927238883,melvin3w,2,2020-04-25,2023-12-11
928892446,dkleinmintz,1,2023-12-15,NULL
930179009,fsimancz,2,2023-06-13,2024-06-06
931347194,cfurnivalac,2,2022-11-27,NULL
932725020,aheiton7x,2,2020-03-06,NULL
933919719,sguttridge,2,2021-10-07,2023-11-02
935737376,ilomb,1,2023-06-28,NULL
936434267,sblythin6t,2,2021-05-14,NULL
937908221,ddoggerellaw,2,2020-03-21,NULL
938115741,mbernardinc4,1,2020-09-23,NULL
938657480,acliffkc,2,2020-03-08,NULL
943005655,dwoofenden,1,2022-10-15,NULL
945155492,gperigod4,2,2020-05-18,2025-02-25
945543133,salmond,1,2021-03-16,NULL
946114214,hdomelaw8u,1,2021-05-08,2024-05-25
946236738,nmarmaduke,2,2020-10-14,NULL
949072640,bholstein,2,2021-08-10,NULL
950508493,kperell,1,2023-12-27,NULL
955088885,rniessenak,1,2023-02-14,NULL
955809393,ccrookson,2,2023-08-23,NULL
956109918,klewisham9w,2,2020-11-04,NULL
957353310,cbeverk4,2,2021-04-14,NULL
959591175,spaterno2c,2,2020-01-13,NULL
960625593,cfinnicka3,2,2021-04-19,2024-08-26
960986493,lgowler,2,2023-12-19,NULL
962984386,dsedger,2,2022-08-18,NULL
963499823,oguillotonb8,2,2023-12-04,2024-09-05
964875375,dscanlon9b,2,2020-09-05,2023-10-17
965883427,aprujeane9,2,2023-09-25,NULL
966935029,mcrawford,2,2022-11-22,NULL
969201466,rziehms3p,2,2022-12-12,NULL
969709690,sheggescj,1,2023-04-04,2024-05-28
969794981,skesten,1,2020-09-07,2023-08-18
971989891,bstuddf,2,2022-11-29,NULL
974018584,pcadwallader1b,2,2021-09-04,NULL
975158623,bflancinbaume3,1,2023-08-09,NULL
975685392,tskrinern,2,2020-04-04,2024-11-17
977794698,mpaologc,2,2022-06-25,2024-12-02
979680752,smesias,1,2023-08-20,NULL
980044029,nwitten6g,1,2022-06-04,NULL
980286029,gfitzackerleyaz,2,2024-02-03,NULL
981233600,blovelock9h,1,2022-09-22,NULL
982005213,pwarlow,2,2022-09-21,NULL
982464386,eworge5x,1,2022-09-23,2023-02-17
982464387,eworge5x,2,2023-02-17,NULL
983213473,tlooney4d,2,2021-06-09,NULL
984558441,bmcteer18,1,2023-01-08,2024-10-03
984793780,aleggin8k,2,2022-10-15,NULL
984972197,akohlerw,2,2021-09-23,NULL
986322090,egatcliff2l,1,2022-10-27,NULL
987426740,omoreland3k,2,2022-01-14,NULL
987654321,gstrick,2,2021-11-26,NULL
990639992,ccamblin6r,2,2023-04-06,NULL
990695840,glindsayi,2,2020-05-15,NULL
991452557,eperren,1,2020-11-18,2024-07-22
991992820,dkordova99,2,2020-01-18,NULL
992398018,dcavetih,1,2021-08-06,NULL
993353513,csimpkin4o,1,2023-11-01,2024-04-20
995402290,anellisihm,2,2024-04-06,NULL
996090075,mdomleo,1,2023-04-10,NULL
998512991,paleshehf,2,2023-10-18,NULL
999115577,jcharval,1,2021-10-15,NULL
999445468,ukeuntje3,1,2023-01-08,NULL
